{"cameraMode":{"drawMode":0,"name":"Shaded","section":"Shading Mode"},"sceneLighting":false,"audioPlay":false,"sceneViewState":{"m_AlwaysRefresh":false,"showFog":true,"showSkybox":false,"showFlares":true,"showImageEffects":true,"showParticleSystems":true,"showVisualEffectGraphs":true,"m_FxEnabled":true},"in2DMode":false,"pivot":{"x":-0.010944157838821411,"y":0.06055177003145218,"z":-0.0070296525955200199},"rotation":{"x":-0.09121938794851303,"y":0.7597920894622803,"z":-0.10924950242042542,"w":-0.6343978047370911},"size":0.3152370750904083,"orthographic":false}